
        <Invoice xmlns="urn:oasis:names:specification:ubl:schema:xsd:Invoice-2"
            xmlns:cac="urn:oasis:names:specification:ubl:schema:xsd:CommonAggregateComponents-2"
            xmlns:cbc="urn:oasis:names:specification:ubl:schema:xsd:CommonBasicComponents-2"
            xmlns:ds="http://www.w3.org/2000/09/xmldsig#"
            xmlns:ext="urn:oasis:names:specification:ubl:schema:xsd:CommonExtensionComponents-2">
    <ext:UBLExtensions>
        <ext:UBLExtension>
        <ext:ExtensionContent></ext:ExtensionContent>
        </ext:UBLExtension>
    </ext:UBLExtensions>

    <cbc:UBLVersionID>2.1</cbc:UBLVersionID>
    <cbc:CustomizationID>2.0</cbc:CustomizationID>
    <cbc:ID>F001-00000004</cbc:ID>
    <cbc:IssueDate>2025-06-26</cbc:IssueDate>
    <cbc:InvoiceTypeCode listID="0101">01</cbc:InvoiceTypeCode>
    <cbc:DocumentCurrencyCode>PEN</cbc:DocumentCurrencyCode>

    <!-- Datos del emisor -->
    <cac:AccountingSupplierParty>
        <cac:Party>
        <cac:PartyIdentification>
            <cbc:ID schemeID="6" schemeName="SUNAT:Identificador de Documento de Identidad" schemeAgencyName="PE:SUNAT" schemeURI="urn:pe:gob:sunat:cpe:see:gem:catalogos:catalogo06">20603786590</cbc:ID>
        </cac:PartyIdentification>
        <cac:PartyLegalEntity>
            <cbc:RegistrationName>PERU LOGISTIC ANDRES EDUARDO S.R.L.</cbc:RegistrationName>
            <cac:RegistrationAddress>
                <cbc:AddressTypeCode>0000</cbc:AddressTypeCode>
                <cbc:CityName>LIMA</cbc:CityName>
                <cbc:District>ATE</cbc:District>
                <cac:AddressLine>
                    <cbc:Line><![CDATA[AV. LOS VIRREYES  - MZA.: A  - LOTE: 22  - URBANIZACION TILDA  - ATE]]></cbc:Line>
                </cac:AddressLine>
            </cac:RegistrationAddress>
        </cac:PartyLegalEntity>
        </cac:Party>
    </cac:AccountingSupplierParty>

    <!-- Datos del cliente -->
    <cac:AccountingCustomerParty>
        <cac:Party>
        <cac:PartyIdentification>
            <cbc:ID schemeID="6" schemeName="SUNAT:Identificador de Documento de Identidad" schemeAgencyName="PE:SUNAT" schemeURI="urn:pe:gob:sunat:cpe:see:gem:catalogos:catalogo06">20612922773</cbc:ID>
        </cac:PartyIdentification>
        <cac:PartyLegalEntity>
            <cbc:RegistrationName>SERVICENTRO RONSOCO S.A.C.</cbc:RegistrationName>
             <cac:RegistrationAddress>
                <cbc:AddressTypeCode>0000</cbc:AddressTypeCode>
                <cbc:CityName>CORONEL PORTILLO</cbc:CityName>
                <cbc:District>CALLERIA</cbc:District>
                <cac:AddressLine>
                    <cbc:Line><![CDATA[CAR. FEDERICO BASADRE  - FUNDO FRACCION DE FUNDO VILLA S  - CALLERIA]]></cbc:Line>
                </cac:AddressLine>
            </cac:RegistrationAddress>
        </cac:PartyLegalEntity>
        </cac:Party>
    </cac:AccountingCustomerParty>

    <!-- Forma de pago -->
    <cac:PaymentTerms>
        <cbc:ID>FormaPago</cbc:ID>
        <cbc:PaymentMeansID>Contado</cbc:PaymentMeansID>
    </cac:PaymentTerms>
    <!-- Totales -->
    <cac:TaxTotal>
        <cbc:TaxAmount currencyID="PEN">0.18</cbc:TaxAmount>
        <cac:TaxSubtotal>
            <cbc:TaxableAmount currencyID="PEN">1</cbc:TaxableAmount>
            <cbc:TaxAmount currencyID="PEN">0.18</cbc:TaxAmount>
            <cac:TaxCategory>
                <cac:TaxScheme>
                    <cbc:ID>1000</cbc:ID>
                    <cbc:Name>IGV</cbc:Name>
                    <cbc:TaxTypeCode>VAT</cbc:TaxTypeCode>
                </cac:TaxScheme>
            </cac:TaxCategory>
        </cac:TaxSubtotal>
    </cac:TaxTotal>

    <cac:LegalMonetaryTotal>
        <cbc:LineExtensionAmount currencyID="PEN">1</cbc:LineExtensionAmount>
        <cbc:TaxInclusiveAmount currencyID="PEN">1.18</cbc:TaxInclusiveAmount>
        <cbc:PayableAmount currencyID="PEN">1.18</cbc:PayableAmount>
    </cac:LegalMonetaryTotal>
    
    <!-- Línea de detalle -->
    <cac:InvoiceLine>
        <cbc:ID>1</cbc:ID>
        <cbc:InvoicedQuantity unitCode="NIU">1</cbc:InvoicedQuantity>
        <cbc:LineExtensionAmount currencyID="PEN">1</cbc:LineExtensionAmount>
        <cac:PricingReference>
            <cac:AlternativeConditionPrice>
                <cbc:PriceAmount currencyID="PEN">1.18</cbc:PriceAmount>
                <cbc:PriceTypeCode>01</cbc:PriceTypeCode>
            </cac:AlternativeConditionPrice>
        </cac:PricingReference>
        <cac:TaxTotal>
            <cbc:TaxAmount currencyID="PEN">0.18</cbc:TaxAmount>
            <cac:TaxSubtotal>
                <cbc:TaxableAmount currencyID="PEN">1</cbc:TaxableAmount>
                <cbc:TaxAmount currencyID="PEN">0.18</cbc:TaxAmount>
                <cac:TaxCategory>
                    <cbc:Percent>18</cbc:Percent>
                    <cbc:TaxExemptionReasonCode>10</cbc:TaxExemptionReasonCode>
                    <cac:TaxScheme>
                        <cbc:ID>1000</cbc:ID>
                        <cbc:Name>IGV</cbc:Name>
                        <cbc:TaxTypeCode>VAT</cbc:TaxTypeCode>
                    </cac:TaxScheme>
                </cac:TaxCategory>
            </cac:TaxSubtotal>
        </cac:TaxTotal>
        <cac:Item>
            <cbc:Description>TEST 1</cbc:Description>
        </cac:Item>
        <cac:Price>
            <cbc:PriceAmount currencyID="PEN">1.18</cbc:PriceAmount>
        </cac:Price>
    </cac:InvoiceLine>
    </Invoice>  
